{
  "version": "fruit_weights_v1",
  "thresholdRatio": 1.3,

  "pathogen_classes": [
    "melanose",
    "greasy_spot",
    "canker",
    "septoria",
    "fruit_fly",
    "bacterial_soft_rot",
    "viral"
  ],

  "physio_classes": [
    "cracking_water_imbalance",
    "sunburn",
    "calcium_deficiency",
    "ethylene_induced_drop",
    "HLB_physiology"
  ],

  "features": {
    "position_outer": {
      "pathogen": { "sunburn": 2 },
      "physio": { "sunburn": 6 }
    },

    "size_small": {
      "pathogen": { "viral": 4, "bacterial_soft_rot": 1 },
      "physio": { "HLB_physiology": 6 }
    },

    "surface_spots_pits": {
      "pathogen": {
        "melanose": 6,
        "septoria": 5,
        "bacterial_soft_rot": 1
      },
      "physio": {}
    },

    "oily_spots": {
      "pathogen": { "greasy_spot": 15 },
      "physio": {}
    },

    "sunburn_burn": {
      "pathogen": { "melanose": 1 },
      "physio": { "sunburn": 12 }
    },

    "cracking_split": {
      "pathogen": {},
      "physio": {
        "cracking_water_imbalance": 12,
        "calcium_deficiency": 6
      }
    },

    "oviposition_punctures": {
      "pathogen": { "fruit_fly": 18 },
      "physio": {}
    },

    "visible_holes_or_larvae": {
      "pathogen": { "fruit_fly": 20 },
      "physio": {}
    },

    "premature_drop": {
      "pathogen": { "viral": 4 },
      "physio": {
        "ethylene_induced_drop": 8,
        "HLB_physiology": 5
      }
    },

    "color_inversion_green_when_ripen": {
      "pathogen": { "viral": 8 },
      "physio": { "HLB_physiology": 10 }
    },

    "recent_rain": {
      "pathogen": {
        "melanose": 3,
        "greasy_spot": 4,
        "bacterial_soft_rot": 2
      },
      "physio": {}
    },

    "ev_hot": {
      "pathogen": {},
      "physio": { "sunburn": 3 }
    },

    "onset_overnight": {
      "pathogen": { "bacterial_soft_rot": 3 },
      "physio": {}
    }
  }
}
